Sample in Buffer,Sample in Window,TRIGGER,TEC1[15:0],Target_Temp[15:0],change_target_temp[3:0],u_pid_contorl/Target_Temp1[15:0],u_pid_contorl/AD_output[15:0],u_ila_0_error[15:0]
0,0,0,8000,0000,0,1900,8000,fe02
1,1,0,8000,0000,0,1900,8000,fe02
2,2,0,8000,0000,0,1900,8000,fe02
3,3,0,8000,0000,0,1900,8000,fe02
4,4,0,8000,0000,0,1900,8000,fe02
5,5,0,8000,0000,0,1900,8000,fe02
6,6,0,8000,0000,0,1900,8000,fe02
7,7,0,8000,0000,0,1900,8000,fe02
8,8,0,8000,0000,0,1900,8000,fe02
9,9,0,8000,0000,0,1900,8000,fe02
10,10,0,8000,0000,0,1900,8000,fe02
11,11,0,8000,0000,0,1900,8000,fe02
12,12,0,8000,0000,0,1900,8000,fe02
13,13,0,8000,0000,0,1900,8000,fe02
14,14,0,8000,0000,0,1900,8000,fe02
15,15,0,8000,0000,0,1900,8000,fe02
16,16,0,8000,0000,0,1900,8000,fe02
17,17,0,8000,0000,0,1900,8000,fe02
18,18,0,8000,0000,0,1900,8000,fe02
19,19,0,8000,0000,0,1900,8000,fe02
20,20,0,8000,0000,0,1900,8000,fe02
21,21,0,8000,0000,0,1900,8000,fe02
22,22,0,8000,0000,0,1900,8000,fe02
23,23,0,8000,0000,0,1900,8000,fe02
24,24,0,8000,0000,0,1900,8000,fe02
25,25,0,8000,0000,0,1900,8000,fe02
26,26,0,8000,0000,0,1900,8000,fe02
27,27,0,8000,0000,0,1900,8000,fe02
28,28,0,8000,0000,0,1900,8000,fe02
29,29,0,8000,0000,0,1900,8000,fe02
30,30,0,8000,0000,0,1900,8000,fe02
31,31,0,8000,0000,0,1900,8000,fe02
32,32,0,8000,0000,0,1900,8000,fe02
33,33,0,8000,0000,0,1900,8000,fe02
34,34,0,8000,0000,0,1900,8000,fe02
35,35,0,8000,0000,0,1900,8000,fe02
36,36,0,8000,0000,0,1900,8000,fe02
37,37,0,8000,0000,0,1900,8000,fe02
38,38,0,8000,0000,0,1900,8000,fe02
39,39,0,8000,0000,0,1900,8000,fe02
40,40,0,8000,0000,0,1900,8000,fe02
41,41,0,8000,0000,0,1900,8000,fe02
42,42,0,8000,0000,0,1900,8000,fe02
43,43,0,8000,0000,0,1900,8000,fe02
44,44,0,8000,0000,0,1900,8000,fe02
45,45,0,8000,0000,0,1900,8000,fe02
46,46,0,8000,0000,0,1900,8000,fe02
47,47,0,8000,0000,0,1900,8000,fe02
48,48,0,8000,0000,0,1900,8000,fe02
49,49,0,8000,0000,0,1900,8000,fe02
50,50,0,8000,0000,0,1900,8000,fe02
51,51,0,8000,0000,0,1900,8000,fe02
52,52,0,8000,0000,0,1900,8000,fe02
53,53,0,8000,0000,0,1900,8000,fe02
54,54,0,8000,0000,0,1900,8000,fe02
55,55,0,8000,0000,0,1900,8000,fe02
56,56,0,8000,0000,0,1900,8000,fe02
57,57,0,8000,0000,0,1900,8000,fe02
58,58,0,8000,0000,0,1900,8000,fe02
59,59,0,8000,0000,0,1900,8000,fe02
60,60,0,8000,0000,0,1900,8000,fe02
61,61,0,8000,0000,0,1900,8000,fe02
62,62,0,8000,0000,0,1900,8000,fe02
63,63,0,8000,0000,0,1900,8000,fe02
64,64,0,8000,0000,0,1900,8000,fe02
65,65,0,8000,0000,0,1900,8000,fe02
66,66,0,8000,0000,0,1900,8000,fe02
67,67,0,8000,0000,0,1900,8000,fe02
68,68,0,8000,0000,0,1900,8000,fe02
69,69,0,8000,0000,0,1900,8000,fe02
70,70,0,8000,0000,0,1900,8000,fe02
71,71,0,8000,0000,0,1900,8000,fe02
72,72,0,8000,0000,0,1900,8000,fe02
73,73,0,8000,0000,0,1900,8000,fe02
74,74,0,8000,0000,0,1900,8000,fe02
75,75,0,8000,0000,0,1900,8000,fe02
76,76,0,8000,0000,0,1900,8000,fe02
77,77,0,8000,0000,0,1900,8000,fe02
78,78,0,8000,0000,0,1900,8000,fe02
79,79,0,8000,0000,0,1900,8000,fe02
80,80,0,8000,0000,0,1900,8000,fe02
81,81,0,8000,0000,0,1900,8000,fe02
82,82,0,8000,0000,0,1900,8000,fe02
83,83,0,8000,0000,0,1900,8000,fe02
84,84,0,8000,0000,0,1900,8000,fe02
85,85,0,8000,0000,0,1900,8000,fe02
86,86,0,8000,0000,0,1900,8000,fe02
87,87,0,8000,0000,0,1900,8000,fe02
88,88,0,8000,0000,0,1900,8000,fe02
89,89,0,8000,0000,0,1900,8000,fe02
90,90,0,8000,0000,0,1900,8000,fe02
91,91,0,8000,0000,0,1900,8000,fe02
92,92,0,8000,0000,0,1900,8000,fe02
93,93,0,8000,0000,0,1900,8000,fe02
94,94,0,8000,0000,0,1900,8000,fe02
95,95,0,8000,0000,0,1900,8000,fe02
96,96,0,8000,0000,0,1900,8000,fe02
97,97,0,8000,0000,0,1900,8000,fe02
98,98,0,8000,0000,0,1900,8000,fe02
99,99,0,8000,0000,0,1900,8000,fe02
100,100,0,8000,0000,0,1900,8000,fe02
101,101,0,8000,0000,0,1900,8000,fe02
102,102,0,8000,0000,0,1900,8000,fe02
103,103,0,8000,0000,0,1900,8000,fe02
104,104,0,8000,0000,0,1900,8000,fe02
105,105,0,8000,0000,0,1900,8000,fe02
106,106,0,8000,0000,0,1900,8000,fe02
107,107,0,8000,0000,0,1900,8000,fe02
108,108,0,8000,0000,0,1900,8000,fe02
109,109,0,8000,0000,0,1900,8000,fe02
110,110,0,8000,0000,0,1900,8000,fe02
111,111,0,8000,0000,0,1900,8000,fe02
112,112,0,8000,0000,0,1900,8000,fe02
113,113,0,8000,0000,0,1900,8000,fe02
114,114,0,8000,0000,0,1900,8000,fe02
115,115,0,8000,0000,0,1900,8000,fe02
116,116,0,8000,0000,0,1900,8000,fe02
117,117,0,8000,0000,0,1900,8000,fe02
118,118,0,8000,0000,0,1900,8000,fe02
119,119,0,8000,0000,0,1900,8000,fe02
120,120,0,8000,0000,0,1900,8000,fe02
121,121,0,8000,0000,0,1900,8000,fe02
122,122,0,8000,0000,0,1900,8000,fe02
123,123,0,8000,0000,0,1900,8000,fe02
124,124,0,8000,0000,0,1900,8000,fe02
125,125,0,8000,0000,0,1900,8000,fe02
126,126,0,8000,0000,0,1900,8000,fe02
127,127,0,8000,0000,0,1900,8000,fe02
128,128,0,8000,0000,0,1900,8000,fe02
129,129,0,8000,0000,0,1900,8000,fe02
130,130,0,8000,0000,0,1900,8000,fe02
131,131,0,8000,0000,0,1900,8000,fe02
132,132,0,8000,0000,0,1900,8000,fe02
133,133,0,8000,0000,0,1900,8000,fe02
134,134,0,8000,0000,0,1900,8000,fe02
135,135,0,8000,0000,0,1900,8000,fe02
136,136,0,8000,0000,0,1900,8000,fe02
137,137,0,8000,0000,0,1900,8000,fe02
138,138,0,8000,0000,0,1900,8000,fe02
139,139,0,8000,0000,0,1900,8000,fe02
140,140,0,8000,0000,0,1900,8000,fe02
141,141,0,8000,0000,0,1900,8000,fe02
142,142,0,8000,0000,0,1900,8000,fe02
143,143,0,8000,0000,0,1900,8000,fe02
144,144,0,8000,0000,0,1900,8000,fe02
145,145,0,8000,0000,0,1900,8000,fe02
146,146,0,8000,0000,0,1900,8000,fe02
147,147,0,8000,0000,0,1900,8000,fe02
148,148,0,8000,0000,0,1900,8000,fe02
149,149,0,8000,0000,0,1900,8000,fe02
150,150,0,8000,0000,0,1900,8000,fe02
151,151,0,8000,0000,0,1900,8000,fe02
152,152,0,8000,0000,0,1900,8000,fe02
153,153,0,8000,0000,0,1900,8000,fe02
154,154,0,8000,0000,0,1900,8000,fe02
155,155,0,8000,0000,0,1900,8000,fe02
156,156,0,8000,0000,0,1900,8000,fe02
157,157,0,8000,0000,0,1900,8000,fe02
158,158,0,8000,0000,0,1900,8000,fe02
159,159,0,8000,0000,0,1900,8000,fe02
160,160,0,8000,0000,0,1900,8000,fe02
161,161,0,8000,0000,0,1900,8000,fe02
162,162,0,8000,0000,0,1900,8000,fe02
163,163,0,8000,0000,0,1900,8000,fe02
164,164,0,8000,0000,0,1900,8000,fe02
165,165,0,8000,0000,0,1900,8000,fe02
166,166,0,8000,0000,0,1900,8000,fe02
167,167,0,8000,0000,0,1900,8000,fe02
168,168,0,8000,0000,0,1900,8000,fe02
169,169,0,8000,0000,0,1900,8000,fe02
170,170,0,8000,0000,0,1900,8000,fe02
171,171,0,8000,0000,0,1900,8000,fe02
172,172,0,8000,0000,0,1900,8000,fe02
173,173,0,8000,0000,0,1900,8000,fe02
174,174,0,8000,0000,0,1900,8000,fe02
175,175,0,8000,0000,0,1900,8000,fe02
176,176,0,8000,0000,0,1900,8000,fe02
177,177,0,8000,0000,0,1900,8000,fe02
178,178,0,8000,0000,0,1900,8000,fe02
179,179,0,8000,0000,0,1900,8000,fe02
180,180,0,8000,0000,0,1900,8000,fe02
181,181,0,8000,0000,0,1900,8000,fe02
182,182,0,8000,0000,0,1900,8000,fe02
183,183,0,8000,0000,0,1900,8000,fe02
184,184,0,8000,0000,0,1900,8000,fe02
185,185,0,8000,0000,0,1900,8000,fe02
186,186,0,8000,0000,0,1900,8000,fe02
187,187,0,8000,0000,0,1900,8000,fe02
188,188,0,8000,0000,0,1900,8000,fe02
189,189,0,8000,0000,0,1900,8000,fe02
190,190,0,8000,0000,0,1900,8000,fe02
191,191,0,8000,0000,0,1900,8000,fe02
192,192,0,8000,0000,0,1900,8000,fe02
193,193,0,8000,0000,0,1900,8000,fe02
194,194,0,8000,0000,0,1900,8000,fe02
195,195,0,8000,0000,0,1900,8000,fe02
196,196,0,8000,0000,0,1900,8000,fe02
197,197,0,8000,0000,0,1900,8000,fe02
198,198,0,8000,0000,0,1900,8000,fe02
199,199,0,8000,0000,0,1900,8000,fe02
200,200,0,8000,0000,0,1900,8000,fe02
201,201,0,8000,0000,0,1900,8000,fe02
202,202,0,8000,0000,0,1900,8000,fe02
203,203,0,8000,0000,0,1900,8000,fe02
204,204,0,8000,0000,0,1900,8000,fe02
205,205,0,8000,0000,0,1900,8000,fe02
206,206,0,8000,0000,0,1900,8000,fe02
207,207,0,8000,0000,0,1900,8000,fe02
208,208,0,8000,0000,0,1900,8000,fe02
209,209,0,8000,0000,0,1900,8000,fe02
210,210,0,8000,0000,0,1900,8000,fe02
211,211,0,8000,0000,0,1900,8000,fe02
212,212,0,8000,0000,0,1900,8000,fe02
213,213,0,8000,0000,0,1900,8000,fe02
214,214,0,8000,0000,0,1900,8000,fe02
215,215,0,8000,0000,0,1900,8000,fe02
216,216,0,8000,0000,0,1900,8000,fe02
217,217,0,8000,0000,0,1900,8000,fe02
218,218,0,8000,0000,0,1900,8000,fe02
219,219,0,8000,0000,0,1900,8000,fe02
220,220,0,8000,0000,0,1900,8000,fe02
221,221,0,8000,0000,0,1900,8000,fe02
222,222,0,8000,0000,0,1900,8000,fe02
223,223,0,8000,0000,0,1900,8000,fe02
224,224,0,8000,0000,0,1900,8000,fe02
225,225,0,8000,0000,0,1900,8000,fe02
226,226,0,8000,0000,0,1900,8000,fe02
227,227,0,8000,0000,0,1900,8000,fe02
228,228,0,8000,0000,0,1900,8000,fe02
229,229,0,8000,0000,0,1900,8000,fe02
230,230,0,8000,0000,0,1900,8000,fe02
231,231,0,8000,0000,0,1900,8000,fe02
232,232,0,8000,0000,0,1900,8000,fe02
233,233,0,8000,0000,0,1900,8000,fe02
234,234,0,8000,0000,0,1900,8000,fe02
235,235,0,8000,0000,0,1900,8000,fe02
236,236,0,8000,0000,0,1900,8000,fe02
237,237,0,8000,0000,0,1900,8000,fe02
238,238,0,8000,0000,0,1900,8000,fe02
239,239,0,8000,0000,0,1900,8000,fe02
240,240,0,8000,0000,0,1900,8000,fe02
241,241,0,8000,0000,0,1900,8000,fe02
242,242,0,8000,0000,0,1900,8000,fe02
243,243,0,8000,0000,0,1900,8000,fe02
244,244,0,8000,0000,0,1900,8000,fe02
245,245,0,8000,0000,0,1900,8000,fe02
246,246,0,8000,0000,0,1900,8000,fe02
247,247,0,8000,0000,0,1900,8000,fe02
248,248,0,8000,0000,0,1900,8000,fe02
249,249,0,8000,0000,0,1900,8000,fe02
250,250,0,8000,0000,0,1900,8000,fe02
251,251,0,8000,0000,0,1900,8000,fe02
252,252,0,8000,0000,0,1900,8000,fe02
253,253,0,8000,0000,0,1900,8000,fe02
254,254,0,8000,0000,0,1900,8000,fe02
255,255,0,8000,0000,0,1900,8000,fe02
256,256,0,8000,0000,0,1900,8000,fe02
257,257,0,8000,0000,0,1900,8000,fe02
258,258,0,8000,0000,0,1900,8000,fe02
259,259,0,8000,0000,0,1900,8000,fe02
260,260,0,8000,0000,0,1900,8000,fe02
261,261,0,8000,0000,0,1900,8000,fe02
262,262,0,8000,0000,0,1900,8000,fe02
263,263,0,8000,0000,0,1900,8000,fe02
264,264,0,8000,0000,0,1900,8000,fe02
265,265,0,8000,0000,0,1900,8000,fe02
266,266,0,8000,0000,0,1900,8000,fe02
267,267,0,8000,0000,0,1900,8000,fe02
268,268,0,8000,0000,0,1900,8000,fe02
269,269,0,8000,0000,0,1900,8000,fe02
270,270,0,8000,0000,0,1900,8000,fe02
271,271,0,8000,0000,0,1900,8000,fe02
272,272,0,8000,0000,0,1900,8000,fe02
273,273,0,8000,0000,0,1900,8000,fe02
274,274,0,8000,0000,0,1900,8000,fe02
275,275,0,8000,0000,0,1900,8000,fe02
276,276,0,8000,0000,0,1900,8000,fe02
277,277,0,8000,0000,0,1900,8000,fe02
278,278,0,8000,0000,0,1900,8000,fe02
279,279,0,8000,0000,0,1900,8000,fe02
280,280,0,8000,0000,0,1900,8000,fe02
281,281,0,8000,0000,0,1900,8000,fe02
282,282,0,8000,0000,0,1900,8000,fe02
283,283,0,8000,0000,0,1900,8000,fe02
284,284,0,8000,0000,0,1900,8000,fe02
285,285,0,8000,0000,0,1900,8000,fe02
286,286,0,8000,0000,0,1900,8000,fe02
287,287,0,8000,0000,0,1900,8000,fe02
288,288,0,8000,0000,0,1900,8000,fe02
289,289,0,8000,0000,0,1900,8000,fe02
290,290,0,8000,0000,0,1900,8000,fe02
291,291,0,8000,0000,0,1900,8000,fe02
292,292,0,8000,0000,0,1900,8000,fe02
293,293,0,8000,0000,0,1900,8000,fe02
294,294,0,8000,0000,0,1900,8000,fe02
295,295,0,8000,0000,0,1900,8000,fe02
296,296,0,8000,0000,0,1900,8000,fe02
297,297,0,8000,0000,0,1900,8000,fe02
298,298,0,8000,0000,0,1900,8000,fe02
299,299,0,8000,0000,0,1900,8000,fe02
300,300,0,8000,0000,0,1900,8000,fe02
301,301,0,8000,0000,0,1900,8000,fe02
302,302,0,8000,0000,0,1900,8000,fe02
303,303,0,8000,0000,0,1900,8000,fe02
304,304,0,8000,0000,0,1900,8000,fe02
305,305,0,8000,0000,0,1900,8000,fe02
306,306,0,8000,0000,0,1900,8000,fe02
307,307,0,8000,0000,0,1900,8000,fe02
308,308,0,8000,0000,0,1900,8000,fe02
309,309,0,8000,0000,0,1900,8000,fe02
310,310,0,8000,0000,0,1900,8000,fe02
311,311,0,8000,0000,0,1900,8000,fe02
312,312,0,8000,0000,0,1900,8000,fe02
313,313,0,8000,0000,0,1900,8000,fe02
314,314,0,8000,0000,0,1900,8000,fe02
315,315,0,8000,0000,0,1900,8000,fe02
316,316,0,8000,0000,0,1900,8000,fe02
317,317,0,8000,0000,0,1900,8000,fe02
318,318,0,8000,0000,0,1900,8000,fe02
319,319,0,8000,0000,0,1900,8000,fe02
320,320,0,8000,0000,0,1900,8000,fe02
321,321,0,8000,0000,0,1900,8000,fe02
322,322,0,8000,0000,0,1900,8000,fe02
323,323,0,8000,0000,0,1900,8000,fe02
324,324,0,8000,0000,0,1900,8000,fe02
325,325,0,8000,0000,0,1900,8000,fe02
326,326,0,8000,0000,0,1900,8000,fe02
327,327,0,8000,0000,0,1900,8000,fe02
328,328,0,8000,0000,0,1900,8000,fe02
329,329,0,8000,0000,0,1900,8000,fe02
330,330,0,8000,0000,0,1900,8000,fe02
331,331,0,8000,0000,0,1900,8000,fe02
332,332,0,8000,0000,0,1900,8000,fe02
333,333,0,8000,0000,0,1900,8000,fe02
334,334,0,8000,0000,0,1900,8000,fe02
335,335,0,8000,0000,0,1900,8000,fe02
336,336,0,8000,0000,0,1900,8000,fe02
337,337,0,8000,0000,0,1900,8000,fe02
338,338,0,8000,0000,0,1900,8000,fe02
339,339,0,8000,0000,0,1900,8000,fe02
340,340,0,8000,0000,0,1900,8000,fe02
341,341,0,8000,0000,0,1900,8000,fe02
342,342,0,8000,0000,0,1900,8000,fe02
343,343,0,8000,0000,0,1900,8000,fe02
344,344,0,8000,0000,0,1900,8000,fe02
345,345,0,8000,0000,0,1900,8000,fe02
346,346,0,8000,0000,0,1900,8000,fe02
347,347,0,8000,0000,0,1900,8000,fe02
348,348,0,8000,0000,0,1900,8000,fe02
349,349,0,8000,0000,0,1900,8000,fe02
350,350,0,8000,0000,0,1900,8000,fe02
351,351,0,8000,0000,0,1900,8000,fe02
352,352,0,8000,0000,0,1900,8000,fe02
353,353,0,8000,0000,0,1900,8000,fe02
354,354,0,8000,0000,0,1900,8000,fe02
355,355,0,8000,0000,0,1900,8000,fe02
356,356,0,8000,0000,0,1900,8000,fe02
357,357,0,8000,0000,0,1900,8000,fe02
358,358,0,8000,0000,0,1900,8000,fe02
359,359,0,8000,0000,0,1900,8000,fe02
360,360,0,8000,0000,0,1900,8000,fe02
361,361,0,8000,0000,0,1900,8000,fe02
362,362,0,8000,0000,0,1900,8000,fe02
363,363,0,8000,0000,0,1900,8000,fe02
364,364,0,8000,0000,0,1900,8000,fe02
365,365,0,8000,0000,0,1900,8000,fe02
366,366,0,8000,0000,0,1900,8000,fe02
367,367,0,8000,0000,0,1900,8000,fe02
368,368,0,8000,0000,0,1900,8000,fe02
369,369,0,8000,0000,0,1900,8000,fe02
370,370,0,8000,0000,0,1900,8000,fe02
371,371,0,8000,0000,0,1900,8000,fe02
372,372,0,8000,0000,0,1900,8000,fe02
373,373,0,8000,0000,0,1900,8000,fe02
374,374,0,8000,0000,0,1900,8000,fe02
375,375,0,8000,0000,0,1900,8000,fe02
376,376,0,8000,0000,0,1900,8000,fe02
377,377,0,8000,0000,0,1900,8000,fe02
378,378,0,8000,0000,0,1900,8000,fe02
379,379,0,8000,0000,0,1900,8000,fe02
380,380,0,8000,0000,0,1900,8000,fe02
381,381,0,8000,0000,0,1900,8000,fe02
382,382,0,8000,0000,0,1900,8000,fe02
383,383,0,8000,0000,0,1900,8000,fe02
384,384,0,8000,0000,0,1900,8000,fe02
385,385,0,8000,0000,0,1900,8000,fe02
386,386,0,8000,0000,0,1900,8000,fe02
387,387,0,8000,0000,0,1900,8000,fe02
388,388,0,8000,0000,0,1900,8000,fe02
389,389,0,8000,0000,0,1900,8000,fe02
390,390,0,8000,0000,0,1900,8000,fe02
391,391,0,8000,0000,0,1900,8000,fe02
392,392,0,8000,0000,0,1900,8000,fe02
393,393,0,8000,0000,0,1900,8000,fe02
394,394,0,8000,0000,0,1900,8000,fe02
395,395,0,8000,0000,0,1900,8000,fe02
396,396,0,8000,0000,0,1900,8000,fe02
397,397,0,8000,0000,0,1900,8000,fe02
398,398,0,8000,0000,0,1900,8000,fe02
399,399,0,8000,0000,0,1900,8000,fe02
400,400,0,8000,0000,0,1900,8000,fe02
401,401,0,8000,0000,0,1900,8000,fe02
402,402,0,8000,0000,0,1900,8000,fe02
403,403,0,8000,0000,0,1900,8000,fe02
404,404,0,8000,0000,0,1900,8000,fe02
405,405,0,8000,0000,0,1900,8000,fe02
406,406,0,8000,0000,0,1900,8000,fe02
407,407,0,8000,0000,0,1900,8000,fe02
408,408,0,8000,0000,0,1900,8000,fe02
409,409,0,8000,0000,0,1900,8000,fe02
410,410,0,8000,0000,0,1900,8000,fe02
411,411,0,8000,0000,0,1900,8000,fe02
412,412,0,8000,0000,0,1900,8000,fe02
413,413,0,8000,0000,0,1900,8000,fe02
414,414,0,8000,0000,0,1900,8000,fe02
415,415,0,8000,0000,0,1900,8000,fe02
416,416,0,8000,0000,0,1900,8000,fe02
417,417,0,8000,0000,0,1900,8000,fe02
418,418,0,8000,0000,0,1900,8000,fe02
419,419,0,8000,0000,0,1900,8000,fe02
420,420,0,8000,0000,0,1900,8000,fe02
421,421,0,8000,0000,0,1900,8000,fe02
422,422,0,8000,0000,0,1900,8000,fe02
423,423,0,8000,0000,0,1900,8000,fe02
424,424,0,8000,0000,0,1900,8000,fe02
425,425,0,8000,0000,0,1900,8000,fe02
426,426,0,8000,0000,0,1900,8000,fe02
427,427,0,8000,0000,0,1900,8000,fe02
428,428,0,8000,0000,0,1900,8000,fe02
429,429,0,8000,0000,0,1900,8000,fe02
430,430,0,8000,0000,0,1900,8000,fe02
431,431,0,8000,0000,0,1900,8000,fe02
432,432,0,8000,0000,0,1900,8000,fe02
433,433,0,8000,0000,0,1900,8000,fe02
434,434,0,8000,0000,0,1900,8000,fe02
435,435,0,8000,0000,0,1900,8000,fe02
436,436,0,8000,0000,0,1900,8000,fe02
437,437,0,8000,0000,0,1900,8000,fe02
438,438,0,8000,0000,0,1900,8000,fe02
439,439,0,8000,0000,0,1900,8000,fe02
440,440,0,8000,0000,0,1900,8000,fe02
441,441,0,8000,0000,0,1900,8000,fe02
442,442,0,8000,0000,0,1900,8000,fe02
443,443,0,8000,0000,0,1900,8000,fe02
444,444,0,8000,0000,0,1900,8000,fe02
445,445,0,8000,0000,0,1900,8000,fe02
446,446,0,8000,0000,0,1900,8000,fe02
447,447,0,8000,0000,0,1900,8000,fe02
448,448,0,8000,0000,0,1900,8000,fe02
449,449,0,8000,0000,0,1900,8000,fe02
450,450,0,8000,0000,0,1900,8000,fe02
451,451,0,8000,0000,0,1900,8000,fe02
452,452,0,8000,0000,0,1900,8000,fe02
453,453,0,8000,0000,0,1900,8000,fe02
454,454,0,8000,0000,0,1900,8000,fe02
455,455,0,8000,0000,0,1900,8000,fe02
456,456,0,8000,0000,0,1900,8000,fe02
457,457,0,8000,0000,0,1900,8000,fe02
458,458,0,8000,0000,0,1900,8000,fe02
459,459,0,8000,0000,0,1900,8000,fe02
460,460,0,8000,0000,0,1900,8000,fe02
461,461,0,8000,0000,0,1900,8000,fe02
462,462,0,8000,0000,0,1900,8000,fe02
463,463,0,8000,0000,0,1900,8000,fe02
464,464,0,8000,0000,0,1900,8000,fe02
465,465,0,8000,0000,0,1900,8000,fe02
466,466,0,8000,0000,0,1900,8000,fe02
467,467,0,8000,0000,0,1900,8000,fe02
468,468,0,8000,0000,0,1900,8000,fe02
469,469,0,8000,0000,0,1900,8000,fe02
470,470,0,8000,0000,0,1900,8000,fe02
471,471,0,8000,0000,0,1900,8000,fe02
472,472,0,8000,0000,0,1900,8000,fe02
473,473,0,8000,0000,0,1900,8000,fe02
474,474,0,8000,0000,0,1900,8000,fe02
475,475,0,8000,0000,0,1900,8000,fe02
476,476,0,8000,0000,0,1900,8000,fe02
477,477,0,8000,0000,0,1900,8000,fe02
478,478,0,8000,0000,0,1900,8000,fe02
479,479,0,8000,0000,0,1900,8000,fe02
480,480,0,8000,0000,0,1900,8000,fe02
481,481,0,8000,0000,0,1900,8000,fe02
482,482,0,8000,0000,0,1900,8000,fe02
483,483,0,8000,0000,0,1900,8000,fe02
484,484,0,8000,0000,0,1900,8000,fe02
485,485,0,8000,0000,0,1900,8000,fe02
486,486,0,8000,0000,0,1900,8000,fe02
487,487,0,8000,0000,0,1900,8000,fe02
488,488,0,8000,0000,0,1900,8000,fe02
489,489,0,8000,0000,0,1900,8000,fe02
490,490,0,8000,0000,0,1900,8000,fe02
491,491,0,8000,0000,0,1900,8000,fe02
492,492,0,8000,0000,0,1900,8000,fe02
493,493,0,8000,0000,0,1900,8000,fe02
494,494,0,8000,0000,0,1900,8000,fe02
495,495,0,8000,0000,0,1900,8000,fe02
496,496,0,8000,0000,0,1900,8000,fe02
497,497,0,8000,0000,0,1900,8000,fe02
498,498,0,8000,0000,0,1900,8000,fe02
499,499,0,8000,0000,0,1900,8000,fe02
500,500,0,8000,0000,0,1900,8000,fe02
501,501,0,8000,0000,0,1900,8000,fe02
502,502,0,8000,0000,0,1900,8000,fe02
503,503,0,8000,0000,0,1900,8000,fe02
504,504,0,8000,0000,0,1900,8000,fe02
505,505,0,8000,0000,0,1900,8000,fe02
506,506,0,8000,0000,0,1900,8000,fe02
507,507,0,8000,0000,0,1900,8000,fe02
508,508,0,8000,0000,0,1900,8000,fe02
509,509,0,8000,0000,0,1900,8000,fe02
510,510,0,8000,0000,0,1900,8000,fe02
511,511,0,8000,0000,0,1900,8000,fe02
512,512,1,8000,0000,0,1900,8000,fe02
513,513,0,8000,0000,0,1900,8000,fe02
514,514,0,8000,0000,0,1900,8000,fe02
515,515,0,8000,0000,0,1900,8000,fe02
516,516,0,8000,0000,0,1900,8000,fe02
517,517,0,8000,0000,0,1900,8000,fe02
518,518,0,8000,0000,0,1900,8000,fe02
519,519,0,8000,0000,0,1900,8000,fe02
520,520,0,8000,0000,0,1900,8000,fe02
521,521,0,8000,0000,0,1900,8000,fe02
522,522,0,8000,0000,0,1900,8000,fe02
523,523,0,8000,0000,0,1900,8000,fe02
524,524,0,8000,0000,0,1900,8000,fe02
525,525,0,8000,0000,0,1900,8000,fe02
526,526,0,8000,0000,0,1900,8000,fe02
527,527,0,8000,0000,0,1900,8000,fe02
528,528,0,8000,0000,0,1900,8000,fe02
529,529,0,8000,0000,0,1900,8000,fe02
530,530,0,8000,0000,0,1900,8000,fe02
531,531,0,8000,0000,0,1900,8000,fe02
532,532,0,8000,0000,0,1900,8000,fe02
533,533,0,8000,0000,0,1900,8000,fe02
534,534,0,8000,0000,0,1900,8000,fe02
535,535,0,8000,0000,0,1900,8000,fe02
536,536,0,8000,0000,0,1900,8000,fe02
537,537,0,8000,0000,0,1900,8000,fe02
538,538,0,8000,0000,0,1900,8000,fe02
539,539,0,8000,0000,0,1900,8000,fe02
540,540,0,8000,0000,0,1900,8000,fe02
541,541,0,8000,0000,0,1900,8000,fe02
542,542,0,8000,0000,0,1900,8000,fe02
543,543,0,8000,0000,0,1900,8000,fe02
544,544,0,8000,0000,0,1900,8000,fe02
545,545,0,8000,0000,0,1900,8000,fe02
546,546,0,8000,0000,0,1900,8000,fe02
547,547,0,8000,0000,0,1900,8000,fe02
548,548,0,8000,0000,0,1900,8000,fe02
549,549,0,8000,0000,0,1900,8000,fe02
550,550,0,8000,0000,0,1900,8000,fe02
551,551,0,8000,0000,0,1900,8000,fe02
552,552,0,8000,0000,0,1900,8000,fe02
553,553,0,8000,0000,0,1900,8000,fe02
554,554,0,8000,0000,0,1900,8000,fe02
555,555,0,8000,0000,0,1900,8000,fe02
556,556,0,8000,0000,0,1900,8000,fe02
557,557,0,8000,0000,0,1900,8000,fe02
558,558,0,8000,0000,0,1900,8000,fe02
559,559,0,8000,0000,0,1900,8000,fe02
560,560,0,8000,0000,0,1900,8000,fe02
561,561,0,8000,0000,0,1900,8000,fe02
562,562,0,8000,0000,0,1900,8000,fe02
563,563,0,8000,0000,0,1900,8000,fe02
564,564,0,8000,0000,0,1900,8000,fe02
565,565,0,8000,0000,0,1900,8000,fe02
566,566,0,8000,0000,0,1900,8000,fe02
567,567,0,8000,0000,0,1900,8000,fe02
568,568,0,8000,0000,0,1900,8000,fe02
569,569,0,8000,0000,0,1900,8000,fe02
570,570,0,8000,0000,0,1900,8000,fe02
571,571,0,8000,0000,0,1900,8000,fe02
572,572,0,8000,0000,0,1900,8000,fe02
573,573,0,8000,0000,0,1900,8000,fe02
574,574,0,8000,0000,0,1900,8000,fe02
575,575,0,8000,0000,0,1900,8000,fe02
576,576,0,8000,0000,0,1900,8000,fe02
577,577,0,8000,0000,0,1900,8000,fe02
578,578,0,8000,0000,0,1900,8000,fe02
579,579,0,8000,0000,0,1900,8000,fe02
580,580,0,8000,0000,0,1900,8000,fe02
581,581,0,8000,0000,0,1900,8000,fe02
582,582,0,8000,0000,0,1900,8000,fe02
583,583,0,8000,0000,0,1900,8000,fe02
584,584,0,8000,0000,0,1900,8000,fe02
585,585,0,8000,0000,0,1900,8000,fe02
586,586,0,8000,0000,0,1900,8000,fe02
587,587,0,8000,0000,0,1900,8000,fe02
588,588,0,8000,0000,0,1900,8000,fe02
589,589,0,8000,0000,0,1900,8000,fe02
590,590,0,8000,0000,0,1900,8000,fe02
591,591,0,8000,0000,0,1900,8000,fe02
592,592,0,8000,0000,0,1900,8000,fe02
593,593,0,8000,0000,0,1900,8000,fe02
594,594,0,8000,0000,0,1900,8000,fe02
595,595,0,8000,0000,0,1900,8000,fe02
596,596,0,8000,0000,0,1900,8000,fe02
597,597,0,8000,0000,0,1900,8000,fe02
598,598,0,8000,0000,0,1900,8000,fe02
599,599,0,8000,0000,0,1900,8000,fe02
600,600,0,8000,0000,0,1900,8000,fe02
601,601,0,8000,0000,0,1900,8000,fe02
602,602,0,8000,0000,0,1900,8000,fe02
603,603,0,8000,0000,0,1900,8000,fe02
604,604,0,8000,0000,0,1900,8000,fe02
605,605,0,8000,0000,0,1900,8000,fe02
606,606,0,8000,0000,0,1900,8000,fe02
607,607,0,8000,0000,0,1900,8000,fe02
608,608,0,8000,0000,0,1900,8000,fe02
609,609,0,8000,0000,0,1900,8000,fe02
610,610,0,8000,0000,0,1900,8000,fe02
611,611,0,8000,0000,0,1900,8000,fe02
612,612,0,8000,0000,0,1900,8000,fe02
613,613,0,8000,0000,0,1900,8000,fe02
614,614,0,8000,0000,0,1900,8000,fe02
615,615,0,8000,0000,0,1900,8000,fe02
616,616,0,8000,0000,0,1900,8000,fe02
617,617,0,8000,0000,0,1900,8000,fe02
618,618,0,8000,0000,0,1900,8000,fe02
619,619,0,8000,0000,0,1900,8000,fe02
620,620,0,8000,0000,0,1900,8000,fe02
621,621,0,8000,0000,0,1900,8000,fe02
622,622,0,8000,0000,0,1900,8000,fe02
623,623,0,8000,0000,0,1900,8000,fe02
624,624,0,8000,0000,0,1900,8000,fe02
625,625,0,8000,0000,0,1900,8000,fe02
626,626,0,8000,0000,0,1900,8000,fe02
627,627,0,8000,0000,0,1900,8000,fe02
628,628,0,8000,0000,0,1900,8000,fe02
629,629,0,8000,0000,0,1900,8000,fe02
630,630,0,8000,0000,0,1900,8000,fe02
631,631,0,8000,0000,0,1900,8000,fe02
632,632,0,8000,0000,0,1900,8000,fe02
633,633,0,8000,0000,0,1900,8000,fe02
634,634,0,8000,0000,0,1900,8000,fe02
635,635,0,8000,0000,0,1900,8000,fe02
636,636,0,8000,0000,0,1900,8000,fe02
637,637,0,8000,0000,0,1900,8000,fe02
638,638,0,8000,0000,0,1900,8000,fe02
639,639,0,8000,0000,0,1900,8000,fe02
640,640,0,8000,0000,0,1900,8000,fe02
641,641,0,8000,0000,0,1900,8000,fe02
642,642,0,8000,0000,0,1900,8000,fe02
643,643,0,8000,0000,0,1900,8000,fe02
644,644,0,8000,0000,0,1900,8000,fe02
645,645,0,8000,0000,0,1900,8000,fe02
646,646,0,8000,0000,0,1900,8000,fe02
647,647,0,8000,0000,0,1900,8000,fe02
648,648,0,8000,0000,0,1900,8000,fe02
649,649,0,8000,0000,0,1900,8000,fe02
650,650,0,8000,0000,0,1900,8000,fe02
651,651,0,8000,0000,0,1900,8000,fe02
652,652,0,8000,0000,0,1900,8000,fe02
653,653,0,8000,0000,0,1900,8000,fe02
654,654,0,8000,0000,0,1900,8000,fe02
655,655,0,8000,0000,0,1900,8000,fe02
656,656,0,8000,0000,0,1900,8000,fe02
657,657,0,8000,0000,0,1900,8000,fe02
658,658,0,8000,0000,0,1900,8000,fe02
659,659,0,8000,0000,0,1900,8000,fe02
660,660,0,8000,0000,0,1900,8000,fe02
661,661,0,8000,0000,0,1900,8000,fe02
662,662,0,8000,0000,0,1900,8000,fe02
663,663,0,8000,0000,0,1900,8000,fe02
664,664,0,8000,0000,0,1900,8000,fe02
665,665,0,8000,0000,0,1900,8000,fe02
666,666,0,8000,0000,0,1900,8000,fe02
667,667,0,8000,0000,0,1900,8000,fe02
668,668,0,8000,0000,0,1900,8000,fe02
669,669,0,8000,0000,0,1900,8000,fe02
670,670,0,8000,0000,0,1900,8000,fe02
671,671,0,8000,0000,0,1900,8000,fe02
672,672,0,8000,0000,0,1900,8000,fe02
673,673,0,8000,0000,0,1900,8000,fe02
674,674,0,8000,0000,0,1900,8000,fe02
675,675,0,8000,0000,0,1900,8000,fe02
676,676,0,8000,0000,0,1900,8000,fe02
677,677,0,8000,0000,0,1900,8000,fe02
678,678,0,8000,0000,0,1900,8000,fe02
679,679,0,8000,0000,0,1900,8000,fe02
680,680,0,8000,0000,0,1900,8000,fe02
681,681,0,8000,0000,0,1900,8000,fe02
682,682,0,8000,0000,0,1900,8000,fe02
683,683,0,8000,0000,0,1900,8000,fe02
684,684,0,8000,0000,0,1900,8000,fe02
685,685,0,8000,0000,0,1900,8000,fe02
686,686,0,8000,0000,0,1900,8000,fe02
687,687,0,8000,0000,0,1900,8000,fe02
688,688,0,8000,0000,0,1900,8000,fe02
689,689,0,8000,0000,0,1900,8000,fe02
690,690,0,8000,0000,0,1900,8000,fe02
691,691,0,8000,0000,0,1900,8000,fe02
692,692,0,8000,0000,0,1900,8000,fe02
693,693,0,8000,0000,0,1900,8000,fe02
694,694,0,8000,0000,0,1900,8000,fe02
695,695,0,8000,0000,0,1900,8000,fe02
696,696,0,8000,0000,0,1900,8000,fe02
697,697,0,8000,0000,0,1900,8000,fe02
698,698,0,8000,0000,0,1900,8000,fe02
699,699,0,8000,0000,0,1900,8000,fe02
700,700,0,8000,0000,0,1900,8000,fe02
701,701,0,8000,0000,0,1900,8000,fe02
702,702,0,8000,0000,0,1900,8000,fe02
703,703,0,8000,0000,0,1900,8000,fe02
704,704,0,8000,0000,0,1900,8000,fe02
705,705,0,8000,0000,0,1900,8000,fe02
706,706,0,8000,0000,0,1900,8000,fe02
707,707,0,8000,0000,0,1900,8000,fe02
708,708,0,8000,0000,0,1900,8000,fe02
709,709,0,8000,0000,0,1900,8000,fe02
710,710,0,8000,0000,0,1900,8000,fe02
711,711,0,8000,0000,0,1900,8000,fe02
712,712,0,8000,0000,0,1900,8000,fe02
713,713,0,8000,0000,0,1900,8000,fe02
714,714,0,8000,0000,0,1900,8000,fe02
715,715,0,8000,0000,0,1900,8000,fe02
716,716,0,8000,0000,0,1900,8000,fe02
717,717,0,8000,0000,0,1900,8000,fe02
718,718,0,8000,0000,0,1900,8000,fe02
719,719,0,8000,0000,0,1900,8000,fe02
720,720,0,8000,0000,0,1900,8000,fe02
721,721,0,8000,0000,0,1900,8000,fe02
722,722,0,8000,0000,0,1900,8000,fe02
723,723,0,8000,0000,0,1900,8000,fe02
724,724,0,8000,0000,0,1900,8000,fe02
725,725,0,8000,0000,0,1900,8000,fe02
726,726,0,8000,0000,0,1900,8000,fe02
727,727,0,8000,0000,0,1900,8000,fe02
728,728,0,8000,0000,0,1900,8000,fe02
729,729,0,8000,0000,0,1900,8000,fe02
730,730,0,8000,0000,0,1900,8000,fe02
731,731,0,8000,0000,0,1900,8000,fe02
732,732,0,8000,0000,0,1900,8000,fe02
733,733,0,8000,0000,0,1900,8000,fe02
734,734,0,8000,0000,0,1900,8000,fe02
735,735,0,8000,0000,0,1900,8000,fe02
736,736,0,8000,0000,0,1900,8000,fe02
737,737,0,8000,0000,0,1900,8000,fe02
738,738,0,8000,0000,0,1900,8000,fe02
739,739,0,8000,0000,0,1900,8000,fe02
740,740,0,8000,0000,0,1900,8000,fe02
741,741,0,8000,0000,0,1900,8000,fe02
742,742,0,8000,0000,0,1900,8000,fe02
743,743,0,8000,0000,0,1900,8000,fe02
744,744,0,8000,0000,0,1900,8000,fe02
745,745,0,8000,0000,0,1900,8000,fe02
746,746,0,8000,0000,0,1900,8000,fe02
747,747,0,8000,0000,0,1900,8000,fe02
748,748,0,8000,0000,0,1900,8000,fe02
749,749,0,8000,0000,0,1900,8000,fe02
750,750,0,8000,0000,0,1900,8000,fe02
751,751,0,8000,0000,0,1900,8000,fe02
752,752,0,8000,0000,0,1900,8000,fe02
753,753,0,8000,0000,0,1900,8000,fe02
754,754,0,8000,0000,0,1900,8000,fe02
755,755,0,8000,0000,0,1900,8000,fe02
756,756,0,8000,0000,0,1900,8000,fe02
757,757,0,8000,0000,0,1900,8000,fe02
758,758,0,8000,0000,0,1900,8000,fe02
759,759,0,8000,0000,0,1900,8000,fe02
760,760,0,8000,0000,0,1900,8000,fe02
761,761,0,8000,0000,0,1900,8000,fe02
762,762,0,8000,0000,0,1900,8000,fe02
763,763,0,8000,0000,0,1900,8000,fe02
764,764,0,8000,0000,0,1900,8000,fe02
765,765,0,8000,0000,0,1900,8000,fe02
766,766,0,8000,0000,0,1900,8000,fe02
767,767,0,8000,0000,0,1900,8000,fe02
768,768,0,8000,0000,0,1900,8000,fe02
769,769,0,8000,0000,0,1900,8000,fe02
770,770,0,8000,0000,0,1900,8000,fe02
771,771,0,8000,0000,0,1900,8000,fe02
772,772,0,8000,0000,0,1900,8000,fe02
773,773,0,8000,0000,0,1900,8000,fe02
774,774,0,8000,0000,0,1900,8000,fe02
775,775,0,8000,0000,0,1900,8000,fe02
776,776,0,8000,0000,0,1900,8000,fe02
777,777,0,8000,0000,0,1900,8000,fe02
778,778,0,8000,0000,0,1900,8000,fe02
779,779,0,8000,0000,0,1900,8000,fe02
780,780,0,8000,0000,0,1900,8000,fe02
781,781,0,8000,0000,0,1900,8000,fe02
782,782,0,8000,0000,0,1900,8000,fe02
783,783,0,8000,0000,0,1900,8000,fe02
784,784,0,8000,0000,0,1900,8000,fe02
785,785,0,8000,0000,0,1900,8000,fe02
786,786,0,8000,0000,0,1900,8000,fe02
787,787,0,8000,0000,0,1900,8000,fe02
788,788,0,8000,0000,0,1900,8000,fe02
789,789,0,8000,0000,0,1900,8000,fe02
790,790,0,8000,0000,0,1900,8000,fe02
791,791,0,8000,0000,0,1900,8000,fe02
792,792,0,8000,0000,0,1900,8000,fe02
793,793,0,8000,0000,0,1900,8000,fe02
794,794,0,8000,0000,0,1900,8000,fe02
795,795,0,8000,0000,0,1900,8000,fe02
796,796,0,8000,0000,0,1900,8000,fe02
797,797,0,8000,0000,0,1900,8000,fe02
798,798,0,8000,0000,0,1900,8000,fe02
799,799,0,8000,0000,0,1900,8000,fe02
800,800,0,8000,0000,0,1900,8000,fe02
801,801,0,8000,0000,0,1900,8000,fe02
802,802,0,8000,0000,0,1900,8000,fe02
803,803,0,8000,0000,0,1900,8000,fe02
804,804,0,8000,0000,0,1900,8000,fe02
805,805,0,8000,0000,0,1900,8000,fe02
806,806,0,8000,0000,0,1900,8000,fe02
807,807,0,8000,0000,0,1900,8000,fe02
808,808,0,8000,0000,0,1900,8000,fe02
809,809,0,8000,0000,0,1900,8000,fe02
810,810,0,8000,0000,0,1900,8000,fe02
811,811,0,8000,0000,0,1900,8000,fe02
812,812,0,8000,0000,0,1900,8000,fe02
813,813,0,8000,0000,0,1900,8000,fe02
814,814,0,8000,0000,0,1900,8000,fe02
815,815,0,8000,0000,0,1900,8000,fe02
816,816,0,8000,0000,0,1900,8000,fe02
817,817,0,8000,0000,0,1900,8000,fe02
818,818,0,8000,0000,0,1900,8000,fe02
819,819,0,8000,0000,0,1900,8000,fe02
820,820,0,8000,0000,0,1900,8000,fe02
821,821,0,8000,0000,0,1900,8000,fe02
822,822,0,8000,0000,0,1900,8000,fe02
823,823,0,8000,0000,0,1900,8000,fe02
824,824,0,8000,0000,0,1900,8000,fe02
825,825,0,8000,0000,0,1900,8000,fe02
826,826,0,8000,0000,0,1900,8000,fe02
827,827,0,8000,0000,0,1900,8000,fe02
828,828,0,8000,0000,0,1900,8000,fe02
829,829,0,8000,0000,0,1900,8000,fe02
830,830,0,8000,0000,0,1900,8000,fe02
831,831,0,8000,0000,0,1900,8000,fe02
832,832,0,8000,0000,0,1900,8000,fe02
833,833,0,8000,0000,0,1900,8000,fe02
834,834,0,8000,0000,0,1900,8000,fe02
835,835,0,8000,0000,0,1900,8000,fe02
836,836,0,8000,0000,0,1900,8000,fe02
837,837,0,8000,0000,0,1900,8000,fe02
838,838,0,8000,0000,0,1900,8000,fe02
839,839,0,8000,0000,0,1900,8000,fe02
840,840,0,8000,0000,0,1900,8000,fe02
841,841,0,8000,0000,0,1900,8000,fe02
842,842,0,8000,0000,0,1900,8000,fe02
843,843,0,8000,0000,0,1900,8000,fe02
844,844,0,8000,0000,0,1900,8000,fe02
845,845,0,8000,0000,0,1900,8000,fe02
846,846,0,8000,0000,0,1900,8000,fe02
847,847,0,8000,0000,0,1900,8000,fe02
848,848,0,8000,0000,0,1900,8000,fe02
849,849,0,8000,0000,0,1900,8000,fe02
850,850,0,8000,0000,0,1900,8000,fe02
851,851,0,8000,0000,0,1900,8000,fe02
852,852,0,8000,0000,0,1900,8000,fe02
853,853,0,8000,0000,0,1900,8000,fe02
854,854,0,8000,0000,0,1900,8000,fe02
855,855,0,8000,0000,0,1900,8000,fe02
856,856,0,8000,0000,0,1900,8000,fe02
857,857,0,8000,0000,0,1900,8000,fe02
858,858,0,8000,0000,0,1900,8000,fe02
859,859,0,8000,0000,0,1900,8000,fe02
860,860,0,8000,0000,0,1900,8000,fe02
861,861,0,8000,0000,0,1900,8000,fe02
862,862,0,8000,0000,0,1900,8000,fe02
863,863,0,8000,0000,0,1900,8000,fe02
864,864,0,8000,0000,0,1900,8000,fe02
865,865,0,8000,0000,0,1900,8000,fe02
866,866,0,8000,0000,0,1900,8000,fe02
867,867,0,8000,0000,0,1900,8000,fe02
868,868,0,8000,0000,0,1900,8000,fe02
869,869,0,8000,0000,0,1900,8000,fe02
870,870,0,8000,0000,0,1900,8000,fe02
871,871,0,8000,0000,0,1900,8000,fe02
872,872,0,8000,0000,0,1900,8000,fe02
873,873,0,8000,0000,0,1900,8000,fe02
874,874,0,8000,0000,0,1900,8000,fe02
875,875,0,8000,0000,0,1900,8000,fe02
876,876,0,8000,0000,0,1900,8000,fe02
877,877,0,8000,0000,0,1900,8000,fe02
878,878,0,8000,0000,0,1900,8000,fe02
879,879,0,8000,0000,0,1900,8000,fe02
880,880,0,8000,0000,0,1900,8000,fe02
881,881,0,8000,0000,0,1900,8000,fe02
882,882,0,8000,0000,0,1900,8000,fe02
883,883,0,8000,0000,0,1900,8000,fe02
884,884,0,8000,0000,0,1900,8000,fe02
885,885,0,8000,0000,0,1900,8000,fe02
886,886,0,8000,0000,0,1900,8000,fe02
887,887,0,8000,0000,0,1900,8000,fe02
888,888,0,8000,0000,0,1900,8000,fe02
889,889,0,8000,0000,0,1900,8000,fe02
890,890,0,8000,0000,0,1900,8000,fe02
891,891,0,8000,0000,0,1900,8000,fe02
892,892,0,8000,0000,0,1900,8000,fe02
893,893,0,8000,0000,0,1900,8000,fe02
894,894,0,8000,0000,0,1900,8000,fe02
895,895,0,8000,0000,0,1900,8000,fe02
896,896,0,8000,0000,0,1900,8000,fe02
897,897,0,8000,0000,0,1900,8000,fe02
898,898,0,8000,0000,0,1900,8000,fe02
899,899,0,8000,0000,0,1900,8000,fe02
900,900,0,8000,0000,0,1900,8000,fe02
901,901,0,8000,0000,0,1900,8000,fe02
902,902,0,8000,0000,0,1900,8000,fe02
903,903,0,8000,0000,0,1900,8000,fe02
904,904,0,8000,0000,0,1900,8000,fe02
905,905,0,8000,0000,0,1900,8000,fe02
906,906,0,8000,0000,0,1900,8000,fe02
907,907,0,8000,0000,0,1900,8000,fe02
908,908,0,8000,0000,0,1900,8000,fe02
909,909,0,8000,0000,0,1900,8000,fe02
910,910,0,8000,0000,0,1900,8000,fe02
911,911,0,8000,0000,0,1900,8000,fe02
912,912,0,8000,0000,0,1900,8000,fe02
913,913,0,8000,0000,0,1900,8000,fe02
914,914,0,8000,0000,0,1900,8000,fe02
915,915,0,8000,0000,0,1900,8000,fe02
916,916,0,8000,0000,0,1900,8000,fe02
917,917,0,8000,0000,0,1900,8000,fe02
918,918,0,8000,0000,0,1900,8000,fe02
919,919,0,8000,0000,0,1900,8000,fe02
920,920,0,8000,0000,0,1900,8000,fe02
921,921,0,8000,0000,0,1900,8000,fe02
922,922,0,8000,0000,0,1900,8000,fe02
923,923,0,8000,0000,0,1900,8000,fe02
924,924,0,8000,0000,0,1900,8000,fe02
925,925,0,8000,0000,0,1900,8000,fe02
926,926,0,8000,0000,0,1900,8000,fe02
927,927,0,8000,0000,0,1900,8000,fe02
928,928,0,8000,0000,0,1900,8000,fe02
929,929,0,8000,0000,0,1900,8000,fe02
930,930,0,8000,0000,0,1900,8000,fe02
931,931,0,8000,0000,0,1900,8000,fe02
932,932,0,8000,0000,0,1900,8000,fe02
933,933,0,8000,0000,0,1900,8000,fe02
934,934,0,8000,0000,0,1900,8000,fe02
935,935,0,8000,0000,0,1900,8000,fe02
936,936,0,8000,0000,0,1900,8000,fe02
937,937,0,8000,0000,0,1900,8000,fe02
938,938,0,8000,0000,0,1900,8000,fe02
939,939,0,8000,0000,0,1900,8000,fe02
940,940,0,8000,0000,0,1900,8000,fe02
941,941,0,8000,0000,0,1900,8000,fe02
942,942,0,8000,0000,0,1900,8000,fe02
943,943,0,8000,0000,0,1900,8000,fe02
944,944,0,8000,0000,0,1900,8000,fe02
945,945,0,8000,0000,0,1900,8000,fe02
946,946,0,8000,0000,0,1900,8000,fe02
947,947,0,8000,0000,0,1900,8000,fe02
948,948,0,8000,0000,0,1900,8000,fe02
949,949,0,8000,0000,0,1900,8000,fe02
950,950,0,8000,0000,0,1900,8000,fe02
951,951,0,8000,0000,0,1900,8000,fe02
952,952,0,8000,0000,0,1900,8000,fe02
953,953,0,8000,0000,0,1900,8000,fe02
954,954,0,8000,0000,0,1900,8000,fe02
955,955,0,8000,0000,0,1900,8000,fe02
956,956,0,8000,0000,0,1900,8000,fe02
957,957,0,8000,0000,0,1900,8000,fe02
958,958,0,8000,0000,0,1900,8000,fe02
959,959,0,8000,0000,0,1900,8000,fe02
960,960,0,8000,0000,0,1900,8000,fe02
961,961,0,8000,0000,0,1900,8000,fe02
962,962,0,8000,0000,0,1900,8000,fe02
963,963,0,8000,0000,0,1900,8000,fe02
964,964,0,8000,0000,0,1900,8000,fe02
965,965,0,8000,0000,0,1900,8000,fe02
966,966,0,8000,0000,0,1900,8000,fe02
967,967,0,8000,0000,0,1900,8000,fe02
968,968,0,8000,0000,0,1900,8000,fe02
969,969,0,8000,0000,0,1900,8000,fe02
970,970,0,8000,0000,0,1900,8000,fe02
971,971,0,8000,0000,0,1900,8000,fe02
972,972,0,8000,0000,0,1900,8000,fe02
973,973,0,8000,0000,0,1900,8000,fe02
974,974,0,8000,0000,0,1900,8000,fe02
975,975,0,8000,0000,0,1900,8000,fe02
976,976,0,8000,0000,0,1900,8000,fe02
977,977,0,8000,0000,0,1900,8000,fe02
978,978,0,8000,0000,0,1900,8000,fe02
979,979,0,8000,0000,0,1900,8000,fe02
980,980,0,8000,0000,0,1900,8000,fe02
981,981,0,8000,0000,0,1900,8000,fe02
982,982,0,8000,0000,0,1900,8000,fe02
983,983,0,8000,0000,0,1900,8000,fe02
984,984,0,8000,0000,0,1900,8000,fe02
985,985,0,8000,0000,0,1900,8000,fe02
986,986,0,8000,0000,0,1900,8000,fe02
987,987,0,8000,0000,0,1900,8000,fe02
988,988,0,8000,0000,0,1900,8000,fe02
989,989,0,8000,0000,0,1900,8000,fe02
990,990,0,8000,0000,0,1900,8000,fe02
991,991,0,8000,0000,0,1900,8000,fe02
992,992,0,8000,0000,0,1900,8000,fe02
993,993,0,8000,0000,0,1900,8000,fe02
994,994,0,8000,0000,0,1900,8000,fe02
995,995,0,8000,0000,0,1900,8000,fe02
996,996,0,8000,0000,0,1900,8000,fe02
997,997,0,8000,0000,0,1900,8000,fe02
998,998,0,8000,0000,0,1900,8000,fe02
999,999,0,8000,0000,0,1900,8000,fe02
1000,1000,0,8000,0000,0,1900,8000,fe02
1001,1001,0,8000,0000,0,1900,8000,fe02
1002,1002,0,8000,0000,0,1900,8000,fe02
1003,1003,0,8000,0000,0,1900,8000,fe02
1004,1004,0,8000,0000,0,1900,8000,fe02
1005,1005,0,8000,0000,0,1900,8000,fe02
1006,1006,0,8000,0000,0,1900,8000,fe02
1007,1007,0,8000,0000,0,1900,8000,fe02
1008,1008,0,8000,0000,0,1900,8000,fe02
1009,1009,0,8000,0000,0,1900,8000,fe02
1010,1010,0,8000,0000,0,1900,8000,fe02
1011,1011,0,8000,0000,0,1900,8000,fe02
1012,1012,0,8000,0000,0,1900,8000,fe02
1013,1013,0,8000,0000,0,1900,8000,fe02
1014,1014,0,8000,0000,0,1900,8000,fe02
1015,1015,0,8000,0000,0,1900,8000,fe02
1016,1016,0,8000,0000,0,1900,8000,fe02
1017,1017,0,8000,0000,0,1900,8000,fe02
1018,1018,0,8000,0000,0,1900,8000,fe02
1019,1019,0,8000,0000,0,1900,8000,fe02
1020,1020,0,8000,0000,0,1900,8000,fe02
1021,1021,0,8000,0000,0,1900,8000,fe02
1022,1022,0,8000,0000,0,1900,8000,fe02
1023,1023,0,8000,0000,0,1900,8000,fe02
